{
  "total_samples": 13514,
  "training_samples": 13014,
  "test_samples": 500,
  "training_period": "2005-2016 + 10378 from 2017-2025",
  "test_period": "500 random matches from 2017-2025",
  "training_mean": 134.31281696634395,
  "test_mean": 135.322,
  "mean_difference": 1.0091830336560577,
  "total_features": 66
}