Model,R2_Score,RMSE,MAE,Relative_Error
Linear Regression,0.6799240308468326,26.87451996893519,19.061801305305185,19.024905420422886
Random Forest,0.8249652080852388,19.87359212610193,14.62246561958031,13.25942342510628
XGBoost,0.8618790507316589,17.654033150376982,12.691286087036133,11.984555073321449
